{
  "best_score": 537.54,
  "best_params": {
    "enable_fvg": false,
    "enable_ob": true,
    "enable_liq_sweep": true,
    "enable_bos": true,
    "enable_choch": false,
    "choch_max_age": 83,
    "bos_max_age": 96,
    "liq_max_age": 26,
    "trending_smc_weight": 0.40159087020905604,
    "trending_tech_weight": 0.3736220000415199,
    "trending_min_confluence": 0.7418801785831663,
    "trending_atr_sl_mult": 4.86187234787254,
    "ranging_smc_weight": 0.5358063033448169,
    "ranging_tech_weight": 0.3628605646842058,
    "ranging_min_confluence": 0.6258501677295665,
    "ranging_atr_sl_mult": 3.254692564158872,
    "breakout_smc_weight": 0.28427353210029854,
    "breakout_tech_weight": 0.16634200599327226,
    "breakout_min_confluence": 0.4649039249880956,
    "breakout_atr_sl_mult": 2.5500247395957185,
    "reversal_smc_weight": 0.5450163529094746,
    "reversal_tech_weight": 0.39995893469868316,
    "reversal_min_confluence": 0.4092563923353702,
    "reversal_atr_sl_mult": 2.371468468940088,
    "volatile_smc_weight": 0.5017040065515799,
    "volatile_tech_weight": 0.1063595286595076,
    "volatile_min_confluence": 0.7201289365424672,
    "volatile_atr_sl_mult": 3.973892036382511,
    "trending_min_smc": 2,
    "ranging_min_smc": 1,
    "breakout_min_smc": 3,
    "reversal_min_smc": 3,
    "volatile_min_smc": 1,
    "be_trigger_rr": 1.135475858163491,
    "partial_close_rr": 1.2419022444068055,
    "trail_activation_rr": 2.7124814340039496,
    "overlap_weight": 1.4417988326791267,
    "london_ny_weight": 1.1044787544434214,
    "asian_weight": 0.9469709809848942,
    "ob_strong_move_pct": 0.7451002288708852,
    "ltf_min_score": 0.08702156674512457,
    "tp_atr_mult": 3.746537720372186,
    "bos_solo_penalty": 0.13864967419915958,
    "bos_ranging_fill_floor": 0.46067204393357386
  },
  "best_trial": 13,
  "total_trials": 50,
  "elapsed_seconds": 2569.5564115047455,
  "n_windows": 1,
  "timestamp": "2026-02-26T07:41:23.458560"
}