{
  "best_score": 554.64,
  "best_params": {
    "enable_fvg": false,
    "enable_ob": true,
    "enable_liq_sweep": false,
    "enable_bos": true,
    "enable_choch": false,
    "choch_max_age": 93,
    "bos_max_age": 71,
    "liq_max_age": 30,
    "trending_smc_weight": 0.2767771880967781,
    "trending_tech_weight": 0.3396221775127528,
    "trending_min_confluence": 0.6957729476275426,
    "trending_atr_sl_mult": 4.782363560731821,
    "ranging_smc_weight": 0.3870640970615773,
    "ranging_tech_weight": 0.29456193565588273,
    "ranging_min_confluence": 0.5178437889996745,
    "ranging_atr_sl_mult": 4.813992196154014,
    "breakout_smc_weight": 0.3458094812171943,
    "breakout_tech_weight": 0.22147643833221764,
    "breakout_min_confluence": 0.6740996329755968,
    "breakout_atr_sl_mult": 1.6420823107231337,
    "reversal_smc_weight": 0.36802499666011373,
    "reversal_tech_weight": 0.18661390941079312,
    "reversal_min_confluence": 0.45659668523390623,
    "reversal_atr_sl_mult": 2.032854655038812,
    "volatile_smc_weight": 0.25781582361032757,
    "volatile_tech_weight": 0.37406974558638534,
    "volatile_min_confluence": 0.5643987246800275,
    "volatile_atr_sl_mult": 3.0596692657189757,
    "trending_min_smc": 1,
    "ranging_min_smc": 2,
    "breakout_min_smc": 3,
    "reversal_min_smc": 2,
    "volatile_min_smc": 3,
    "be_trigger_rr": 0.9774809717523103,
    "partial_close_rr": 2.6505110471703865,
    "trail_activation_rr": 1.6960581556908543,
    "overlap_weight": 1.0737389218755549,
    "london_ny_weight": 1.0505218468956574,
    "asian_weight": 0.5569187242276037,
    "ob_strong_move_pct": 0.7229830286348319,
    "ltf_min_score": 0.38508170950780846,
    "tp_atr_mult": 4.282853514766957,
    "bos_solo_penalty": 0.13663000066862427,
    "bos_ranging_fill_floor": 0.36250360276615495
  },
  "best_trial": 41,
  "total_trials": 50,
  "elapsed_seconds": 2185.4409925937653,
  "n_windows": 1,
  "timestamp": "2026-02-26T08:43:29.771324"
}