{
  "best_score": 22.34,
  "best_params": {
    "enable_fvg": false,
    "enable_ob": false,
    "enable_liq_sweep": false,
    "enable_bos": true,
    "enable_choch": false,
    "choch_max_age": 28,
    "bos_max_age": 88,
    "liq_max_age": 32,
    "trending_smc_weight": 0.5830247743173665,
    "trending_tech_weight": 0.3942026482922251,
    "trending_min_confluence": 0.43697620650667773,
    "trending_atr_sl_mult": 2.604144569739841,
    "ranging_smc_weight": 0.3738825614602458,
    "ranging_tech_weight": 0.2259781489365832,
    "ranging_min_confluence": 0.5497757343763001,
    "ranging_atr_sl_mult": 4.6637910261532225,
    "breakout_smc_weight": 0.49548754925025995,
    "breakout_tech_weight": 0.13698035583334497,
    "breakout_min_confluence": 0.6141709623799597,
    "breakout_atr_sl_mult": 4.264723057103962,
    "reversal_smc_weight": 0.511814466155847,
    "reversal_tech_weight": 0.39837514573243304,
    "reversal_min_confluence": 0.589018731169874,
    "reversal_atr_sl_mult": 4.38730522376769,
    "volatile_smc_weight": 0.31920548165967194,
    "volatile_tech_weight": 0.2312627203252834,
    "volatile_min_confluence": 0.7043510928641762,
    "volatile_atr_sl_mult": 4.5692250058234585,
    "trending_min_smc": 1,
    "ranging_min_smc": 3,
    "breakout_min_smc": 3,
    "reversal_min_smc": 2,
    "volatile_min_smc": 3,
    "be_trigger_rr": 0.7662560408683182,
    "partial_close_rr": 2.732449347133821,
    "trail_activation_rr": 2.7226651795264383,
    "overlap_weight": 1.176600300773265,
    "london_ny_weight": 1.157011175966824,
    "asian_weight": 0.7487856625148068,
    "ob_strong_move_pct": 0.45496679510376603,
    "ltf_min_score": 0.12314207878464445,
    "tp_atr_mult": 6.020886585569691
  },
  "best_trial": 25,
  "total_trials": 50,
  "elapsed_seconds": 4902.1764187812805,
  "n_windows": 3,
  "timestamp": "2026-02-19T15:44:43.496878"
}